Grants.gov,https://www.grants.gov/applicants.html
,"https://www.in.gov/dhs/grants-management/#:~:text=for%20grant%20recipients-,Grant%20Programs,through%20multiple%20sources%2C%20including%20FEMA."
,"https://www.bossonabudget.com/blog-1/2019/2/16/what-are-the-different-types-of-grants#:~:text=Program%2Fproject%20grants,project%20referenced%20in%20your%20proposal."
,"https://financialaid.unt.edu/texas-grant#:~:text=The%20TEXAS%20Grant%20program%20covers,initial%20year%22)%20at%20UNT."
,https://www.amplifund.com/blog/beginners-guide-4-types-of-federal-grant-funding
Texas.gov,https://tea.texas.gov/finance-and-grants/grants/grants-administration/applying-for-a-grant
Communities Foundation of Texas,https://www.cftexas.org/apply-for-a-grant
Department of Education (.gov),https://www2.ed.gov/fund/grant/apply/grantapps/index.html?src=ft
The Dallas Foundation,https://www.dallasfoundation.org/what-we-do/grants-opportunities/
Substance Abuse and Mental Health Services Administration (.gov),https://www.samhsa.gov/grants/applying
Texas Attorney General (.gov),https://www.texasattorneygeneral.gov/divisions/grants/new-grant-offering-and-application-lifecycle-system/grant-application-registration-choose-life-program
Urgent Action Fund,https://urgentactionfund.org/apply-for-a-grant/apply-online/
governmentgrants.us,https://www.governmentgrants.us/
Texas Education Agency (.gov),https://tea4avalonzo.tea.state.tx.us/GrantOpportunities/forms/GrantProgramSearch.aspx
H-E-B,https://www.heb.com/static-page/Apply-for-Community-Investment
Bivins Foundation,https://www.bivinsfoundation.org/grants/apply-for-a-grant/
J.P. Morgan & Co.,https://www.jpmorgan.com/solutions/private-banking/online_grant_application
Humanities Texas,https://www.humanitiestexas.org/grants/apply
House.gov,https://stefanik.house.gov/grants-applications
Common Grant Application,https://www.commongrantapplication.com/
Nationwide Mutual Insurance Company,https://www.nationwide.com/personal/about-us/giving/nationwide-foundation/apply-now/
Wells Fargo,https://www.wellsfargo.com/about/corporate-responsibility/community-giving/grant-process/
The Lawrence Foundation,https://thelawrencefoundation.org/application-process
Grants.gov,https://www.grants.gov/applicants.html
,"https://www.in.gov/dhs/grants-management/#:~:text=for%20grant%20recipients-,Grant%20Programs,through%20multiple%20sources%2C%20including%20FEMA."
,"https://www.bossonabudget.com/blog-1/2019/2/16/what-are-the-different-types-of-grants#:~:text=Program%2Fproject%20grants,project%20referenced%20in%20your%20proposal."
,"https://financialaid.unt.edu/texas-grant#:~:text=The%20TEXAS%20Grant%20program%20covers,initial%20year%22)%20at%20UNT."
,https://www.amplifund.com/blog/beginners-guide-4-types-of-federal-grant-funding
Texas.gov,https://tea.texas.gov/finance-and-grants/grants/grants-administration/applying-for-a-grant
Communities Foundation of Texas,https://www.cftexas.org/apply-for-a-grant
Department of Education (.gov),https://www2.ed.gov/fund/grant/apply/grantapps/index.html?src=ft
The Dallas Foundation,https://www.dallasfoundation.org/what-we-do/grants-opportunities/
Substance Abuse and Mental Health Services Administration (.gov),https://www.samhsa.gov/grants/applying
Texas Attorney General (.gov),https://www.texasattorneygeneral.gov/divisions/grants/new-grant-offering-and-application-lifecycle-system/grant-application-registration-choose-life-program
Urgent Action Fund,https://urgentactionfund.org/apply-for-a-grant/apply-online/
governmentgrants.us,https://www.governmentgrants.us/
Texas Education Agency (.gov),https://tea4avalonzo.tea.state.tx.us/GrantOpportunities/forms/GrantProgramSearch.aspx
H-E-B,https://www.heb.com/static-page/Apply-for-Community-Investment
Bivins Foundation,https://www.bivinsfoundation.org/grants/apply-for-a-grant/
J.P. Morgan & Co.,https://www.jpmorgan.com/solutions/private-banking/online_grant_application
Humanities Texas,https://www.humanitiestexas.org/grants/apply
House.gov,https://stefanik.house.gov/grants-applications
Common Grant Application,https://www.commongrantapplication.com/
Nationwide Mutual Insurance Company,https://www.nationwide.com/personal/about-us/giving/nationwide-foundation/apply-now/
Wells Fargo,https://www.wellsfargo.com/about/corporate-responsibility/community-giving/grant-process/
The Lawrence Foundation,https://thelawrencefoundation.org/application-process
Walmart.org,https://walmart.org/how-we-give/local-community-grants
Bank of America,https://about.bankofamerica.com/en/making-an-impact/charitable-foundation-grant-faq
Ford Foundation,https://www.fordfoundation.org/work/our-grants/grant-opportunities/
Austin Community Foundation,https://www.austincf.org/apply-for-a-grant/
Bill & Melinda Gates Foundation,https://www.gatesfoundation.org/about/how-we-work/grant-opportunities
HUD (.gov),https://www.hud.gov/i_want_to/apply_for_a_grant
William T. Grant Foundation,https://wtgrantfoundation.org/grants
National Fish and Wildlife Foundation,https://www.nfwf.org/apply-grant/application-information
Home Depot,https://corporate.homedepot.com/page/online-grant-application-required-documents
W. K. Kellogg Foundation,https://www.wkkf.org/how-to-apply/
Grants.gov,https://www.grants.gov/applicants.html
,"https://www.in.gov/dhs/grants-management/#:~:text=for%20grant%20recipients-,Grant%20Programs,through%20multiple%20sources%2C%20including%20FEMA."
,"https://www.bossonabudget.com/blog-1/2019/2/16/what-are-the-different-types-of-grants#:~:text=Program%2Fproject%20grants,project%20referenced%20in%20your%20proposal."
,"https://financialaid.unt.edu/texas-grant#:~:text=The%20TEXAS%20Grant%20program%20covers,initial%20year%22)%20at%20UNT."
,https://www.amplifund.com/blog/beginners-guide-4-types-of-federal-grant-funding
Texas.gov,https://tea.texas.gov/finance-and-grants/grants/grants-administration/applying-for-a-grant
Communities Foundation of Texas,https://www.cftexas.org/apply-for-a-grant
Department of Education (.gov),https://www2.ed.gov/fund/grant/apply/grantapps/index.html?src=ft
The Dallas Foundation,https://www.dallasfoundation.org/what-we-do/grants-opportunities/
Substance Abuse and Mental Health Services Administration (.gov),https://www.samhsa.gov/grants/applying
Texas Attorney General (.gov),https://www.texasattorneygeneral.gov/divisions/grants/new-grant-offering-and-application-lifecycle-system/grant-application-registration-choose-life-program
Urgent Action Fund,https://urgentactionfund.org/apply-for-a-grant/apply-online/
governmentgrants.us,https://www.governmentgrants.us/
Texas Education Agency (.gov),https://tea4avalonzo.tea.state.tx.us/GrantOpportunities/forms/GrantProgramSearch.aspx
H-E-B,https://www.heb.com/static-page/Apply-for-Community-Investment
Bivins Foundation,https://www.bivinsfoundation.org/grants/apply-for-a-grant/
J.P. Morgan & Co.,https://www.jpmorgan.com/solutions/private-banking/online_grant_application
Humanities Texas,https://www.humanitiestexas.org/grants/apply
House.gov,https://stefanik.house.gov/grants-applications
Common Grant Application,https://www.commongrantapplication.com/
Nationwide Mutual Insurance Company,https://www.nationwide.com/personal/about-us/giving/nationwide-foundation/apply-now/
Wells Fargo,https://www.wellsfargo.com/about/corporate-responsibility/community-giving/grant-process/
The Lawrence Foundation,https://thelawrencefoundation.org/application-process
Walmart.org,https://walmart.org/how-we-give/local-community-grants
Bank of America,https://about.bankofamerica.com/en/making-an-impact/charitable-foundation-grant-faq
Ford Foundation,https://www.fordfoundation.org/work/our-grants/grant-opportunities/
Austin Community Foundation,https://www.austincf.org/apply-for-a-grant/
Bill & Melinda Gates Foundation,https://www.gatesfoundation.org/about/how-we-work/grant-opportunities
HUD (.gov),https://www.hud.gov/i_want_to/apply_for_a_grant
William T. Grant Foundation,https://wtgrantfoundation.org/grants
National Fish and Wildlife Foundation,https://www.nfwf.org/apply-grant/application-information
Home Depot,https://corporate.homedepot.com/page/online-grant-application-required-documents
W. K. Kellogg Foundation,https://www.wkkf.org/how-to-apply/
W. K. Kellogg Foundation,https://www.wkkf.org/grantseekers/
John Templeton Foundation,https://www.templeton.org/grants/apply-for-grant
Submittable,https://blog.submittable.com/create-grant-application/
OSFC Online Grant Application,https://www.osfcegrants.state.pa.us/
New York (.gov),https://grantsmanagement.ny.gov/apply-grant
Sloan Foundation,https://sloan.org/grants/apply
Knight Foundation,https://knightfoundation.org/apply/
Mother Cabrini Health Foundation,https://cabrinihealth.org/grants-programs/
National Oceanic and Atmospheric Administration (.gov),https://grantsonline.rdc.noaa.gov/
Hampton Roads Community Foundation,https://hamptonroadscf.org/nonprofits/apply-for-a-grant
The Pittsburgh Foundation,https://pittsburghfoundation.org/howtoapplyforgrants
